{"a": 0.0012619692597354885, "b": -0.00011609637465609755, "theta": -0.195272353795597, "k1": -0.1252557667896992, "k2": -1.5249187807474907, "k3": -0.4356336291297737, "k4": -3.0765034186059337}