{"a": 0.0013193430070184496, "b": -0.000019124704568734978, "theta": -0.12248596661981707, "k1": -0.22245946650594897, "k2": -1.4060611697500127, "k3": -0.5461767532082837, "k4": -2.968440144320875}