{"a": 0.0012442707104986478, "b": -0.000029586055756908176, "theta": -0.2000607107693969, "k1": -0.1877745162465406, "k2": -1.635660504854519, "k3": -0.5073577552759085, "k4": -3.232109578182164}